{"cameraMode":{"drawMode":0,"name":"Shaded","section":"Shading Mode"},"sceneLighting":false,"audioPlay":false,"sceneViewState":{"showFog":true,"showMaterialUpdate":false,"showSkybox":true,"showFlares":true,"showImageEffects":true,"showParticleSystems":true},"in2DMode":false,"pivot":{"x":5.9108662605285648,"y":10.899297714233399,"z":-0.28961181640625},"rotation":{"x":0.0026902216486632826,"y":-0.023400358855724336,"z":-0.00006347565067699179,"w":-0.9997251629829407},"size":10.911895751953125,"orthographic":false}