{"cameraMode":{"drawMode":0,"name":"Shaded","section":"Shading Mode"},"sceneLighting":false,"audioPlay":false,"sceneViewState":{"showFog":true,"showMaterialUpdate":false,"showSkybox":true,"showFlares":true,"showImageEffects":true,"showParticleSystems":true},"in2DMode":false,"pivot":{"x":21.428783416748048,"y":-6.105006217956543,"z":4.12879753112793},"rotation":{"x":0.5561028718948364,"y":-0.017447054386138917,"z":0.011696795001626015,"w":0.83089280128479},"size":7.819411277770996,"orthographic":false}