{"cameraMode":{"drawMode":0,"name":"Shaded","section":"Shading Mode"},"sceneLighting":false,"audioPlay":false,"sceneViewState":{"showFog":true,"showMaterialUpdate":false,"showSkybox":true,"showFlares":true,"showImageEffects":true,"showParticleSystems":true},"in2DMode":false,"pivot":{"x":9.392683982849121,"y":-10.758017539978028,"z":13.861227035522461},"rotation":{"x":0.42984911799430849,"y":-0.004059815779328346,"z":0.001954159466549754,"w":0.9029363989830017},"size":14.297789573669434,"orthographic":false}