{"cameraMode":{"drawMode":0,"name":"Shaded","section":"Shading Mode"},"sceneLighting":false,"audioPlay":false,"sceneViewState":{"showFog":true,"showMaterialUpdate":false,"showSkybox":true,"showFlares":true,"showImageEffects":true,"showParticleSystems":true},"in2DMode":false,"pivot":{"x":7.994063854217529,"y":-23.21503448486328,"z":13.959068298339844},"rotation":{"x":0.5038938522338867,"y":-0.09035687893629074,"z":0.05312497541308403,"w":0.8574362993240356},"size":22.75212860107422,"orthographic":false}