{"cameraMode":{"drawMode":0,"name":"Shaded","section":"Shading Mode"},"sceneLighting":false,"audioPlay":false,"sceneViewState":{"showFog":true,"showMaterialUpdate":false,"showSkybox":true,"showFlares":true,"showImageEffects":true,"showParticleSystems":true},"in2DMode":false,"pivot":{"x":-0.9589061141014099,"y":2.8694629669189455,"z":1.8342037200927735},"rotation":{"x":0.26122501492500307,"y":-0.014480742625892163,"z":0.003923406824469566,"w":0.9651966094970703},"size":4.607805252075195,"orthographic":false}